id,name,birthday,debut
1,SAAD AL SHEEB,1990-02-19 00:00:00,2009-01-01 00:00:00
2,MESHAAL BARSHAM,1998-02-14 00:00:00,2020-01-01 00:00:00
3,HOMAM AHMED,1999-08-25 00:00:00,2019-01-01 00:00:00
4,BASSAM ALRAWI,1997-12-16 00:00:00,2017-01-01 00:00:00
5,ABDULKARIM HASSAN,1993-08-28 00:00:00,2010-01-01 00:00:00
6,MUSSAB KHIDIR,1993-09-26 00:00:00,2016-01-01 00:00:00
7,BOUALEM KHOUKHI,1990-07-09 00:00:00,2014-01-01 00:00:00
8,PEDRO MIGUEL,1990-08-06 00:00:00,2016-01-01 00:00:00
9,TAREK SALMAN,1997-12-05 00:00:00,2017-01-01 00:00:00
10,KARIM BOUDIAF,1990-09-16 00:00:00,2013-01-01 00:00:00
11,ABDULAZIZ HATEM,1990-10-28 00:00:00,2009-01-01 00:00:00
12,ASSIM OMER MADIBO,1996-10-22 00:00:00,2017-01-01 00:00:00
13,YOUSUF ABDURISAG,1999-08-06 00:00:00,2019-01-01 00:00:00
14,AKRAM HASSAN AFIF,1996-11-18 00:00:00,2015-01-01 00:00:00
15,AHMAD ALAAELDIN,1993-01-31 00:00:00,2016-01-01 00:00:00
16,HASAN AL-HAYDOS,1990-12-11 00:00:00,2008-01-01 00:00:00
17,ALMOEZ ALI,1996-08-19 00:00:00,2016-01-01 00:00:00
18,MOHAMMED MUNTARI,1993-12-20 00:00:00,2014-01-01 00:00:00
19,HERNAN GALINDEZ,1987-03-30 00:00:00,2021-01-01 00:00:00
20,ALEXANDER DOMINGUEZ,1987-06-05 00:00:00,2011-01-01 00:00:00
21,ROBERT ARBOLEDA,1991-10-22 00:00:00,2016-10-22 00:00:00
22,BAYRON CASTILLO,1998-10-11 00:00:00,2021-01-01 00:00:00
23,PERVIS ESTUPINAN,1998-01-21 00:00:00,2019-01-01 00:00:00
24,PIERO HINCAPIE,2002-01-09 00:00:00,2021-01-01 00:00:00
25,ANGELO PRECIADO,1998-02-18 00:00:00,2018-01-01 00:00:00
26,FELIX TORRES,1997-01-11 00:00:00,2019-01-01 00:00:00
27,MOISES CAICEDO,2001-11-02 00:00:00,2020-01-01 00:00:00
28,ALAN FRANCO,1998-08-21 00:00:00,2018-01-01 00:00:00
29,CARLOS GRUEZO,1994-04-19 00:00:00,2014-01-01 00:00:00
30,JEGHSON MENDEZ,1994-04-26 00:00:00,2018-01-01 00:00:00
31,JEREMY SARMIENTO,2002-06-16 00:00:00,2021-01-01 00:00:00
32,MICHAEL ESTRADA,1996-07-07 00:00:00,2017-01-01 00:00:00
33,ANGEL MENA,1988-01-21 00:00:00,2015-01-01 00:00:00
34,GONZALO PLATA,2000-11-01 00:00:00,2019-01-01 00:00:00
35,AYRTON PRECIADO,1994-07-17 00:00:00,2017-01-01 00:00:00
36,ENNER VALENCIA,1989-11-04 00:00:00,2012-01-01 00:00:00
37,EDOUARD MENDY,1992-03-01 00:00:00,2018-01-01 00:00:00
38,ALFRED GOMIS,1993-09-05 00:00:00,2017-01-01 00:00:00
39,SALIOU CISS,1989-09-15 00:00:00,2012-01-01 00:00:00
40,PAPE ABOU CISSE,1995-09-14 00:00:00,2018-01-01 00:00:00
41,ABDOU DIALLO,1996-05-04 00:00:00,2021-01-01 00:00:00
42,KALIDOU KOULIBALY,1991-06-04 00:00:00,2015-01-01 00:00:00
43,IBRAHIMA MBAYE,1994-11-19 00:00:00,2016-01-01 00:00:00
44,BOUNA SARR,1992-01-31 00:00:00,2021-01-01 00:00:00
45,KREPIN DIATTA,1999-12-21 00:00:00,2019-01-01 00:00:00
46,IDRISSA GUEYE,1989-06-23 00:00:00,2011-01-01 00:00:00
47,PAPE GUEYE,1999-01-24 00:00:00,2021-01-01 00:00:00
48,CHEIKHOU KOYATE,1989-12-21 00:00:00,2012-01-01 00:00:00
49,MAMPALYS MENDY,1992-06-23 00:00:00,2021-01-01 00:00:00
50,BOULAYE DIA,1996-11-16 00:00:00,2020-01-01 00:00:00
51,FAMARA DIEDHIOU,1992-12-15 00:00:00,2014-01-01 00:00:00
52,BAMBA DIEG,2000-03-23 00:00:00,2021-01-01 00:00:00
53,SADIO MANE,1992-04-10 00:00:00,2012-01-01 00:00:00
54,ISMAILA SARR,1998-02-25 00:00:00,2016-01-01 00:00:00
55,JUSTIN BIJLOW,1998-01-22 00:00:00,2021-01-01 00:00:00
56,JASPER CILLESSEN,1989-04-22 00:00:00,2013-01-01 00:00:00
57,DALEY BLIND,1990-03-09 00:00:00,2013-01-01 00:00:00
58,MATTHIJS DE LIGT,1999-08-12 00:00:00,2017-01-01 00:00:00
59,STEFAN DE VIRJ,1992-02-05 00:00:00,2012-01-01 00:00:00
60,DENZEL DUMFRIES,1996-04-18 00:00:00,2018-01-01 00:00:00
61,VIRGIL VAN DIJK,1991-07-08 00:00:00,2015-01-01 00:00:00
62,STEVEN BERGHUIS,1991-12-19 00:00:00,2016-01-01 00:00:00
63,FRANKIE DE JONG,1997-05-12 00:00:00,2018-01-01 00:00:00
64,RYAN GRAVENBERCH,2002-05-16 00:00:00,2021-01-01 00:00:00
65,DAVY KLAASSEN,1993-02-21 00:00:00,2014-01-01 00:00:00
66,TEUN KOOPMEINERS,1998-02-28 00:00:00,2020-01-01 00:00:00
67,GEORGINIO WIJNALDUM,1990-11-11 00:00:00,2011-01-01 00:00:00
68,STEVEN BERGWIJN,1997-10-08 00:00:00,2018-01-01 00:00:00
69,ARANAUT DANJUMA,1997-01-31 00:00:00,2018-01-01 00:00:00
70,MEMPHIS DEPAY,1994-02-13 00:00:00,2013-01-01 00:00:00
71,CODY GAKPO,1999-05-07 00:00:00,2021-01-01 00:00:00
72,DONYELL MALEN,1999-01-19 00:00:00,2019-01-01 00:00:00
73,JORDAN PICKFORD,1994-03-07 00:00:00,2017-01-01 00:00:00
74,AARON RAMSDALE,1998-05-14 00:00:00,2021-01-01 00:00:00
75,TRENT ALEXANDER-ARNOLD,1998-10-07 00:00:00,2018-01-01 00:00:00
76,CONOR COADY,1993-02-25 00:00:00,2020-01-01 00:00:00
77,HARRY MAGUIRE,1993-03-05 00:00:00,2017-01-01 00:00:00
78,LUKE SHAW,1995-07-12 00:00:00,2014-01-01 00:00:00
79,JOHN STONES,1994-05-28 00:00:00,2014-01-01 00:00:00
80,KYLE WALKER,1990-05-28 00:00:00,2011-01-01 00:00:00
81,JUDE BELLINGHAM,2003-06-29 00:00:00,2020-01-01 00:00:00
82,JACK GREALISH,1995-09-10 00:00:00,2020-01-01 00:00:00
83,JORDAN HENDERSON,1990-06-17 00:00:00,2010-01-01 00:00:00
84,MASON MOUNT,1999-01-10 00:00:00,2019-01-01 00:00:00
85,KALVIN PHILLIPS,1995-12-02 00:00:00,2020-01-01 00:00:00
86,DECLAN RICE,1999-01-14 00:00:00,2019-01-01 00:00:00
87,PHIL FODEN,2000-05-28 00:00:00,2020-01-01 00:00:00
88,HARRY KANE,1993-07-28 00:00:00,2015-01-01 00:00:00
89,BUKAYO SAKA,2001-09-05 00:00:00,2020-01-01 00:00:00
90,RAHEEM STERLING,1994-12-08 00:00:00,2012-01-01 00:00:00
91,AMIR ABEDZADEH,1993-04-26 00:00:00,2018-01-01 00:00:00
92,ALIREZA BEIRANVAND,1993-04-26 00:00:00,2018-01-01 00:00:00
93,EHSAN HAJSAFI,1990-02-25 00:00:00,2008-01-01 00:00:00
94,MAJID HOSSEINI,1996-06-20 00:00:00,2018-01-01 00:00:00
95,HOSSEIN KANAANI,1994-03-23 00:00:00,2015-01-01 00:00:00
96,SHOJA KHALILZADEH,1989-05-14 00:00:00,2012-01-01 00:00:00
97,MILAD MOHAMMADI,1993-09-29 00:00:00,2015-01-01 00:00:00
98,SADEGH MOHARRAMI,1996-03-01 00:00:00,2018-01-01 00:00:00
99,OMID NOORAFKAN,1997-04-09 00:00:00,2018-01-01 00:00:00
100,VAHID AMIRI,1988-04-02 00:00:00,2015-01-01 00:00:00
101,SAIED EZATOLAHI,1996-10-01 00:00:00,2015-01-01 00:00:00
102,ALI GHOLIZADEH,1996-03-10 00:00:00,2018-01-01 00:00:00
103,ALIREZA JAHANBAKHSH,1993-08-11 00:00:00,2013-01-01 00:00:00
104,AHMAD NOUROLLAHI,1993-02-01 00:00:00,2018-01-01 00:00:00
105,KARIM ANSARIFARD,1990-04-03 00:00:00,2009-01-01 00:00:00
106,SARDAR AZMOUN,1995-01-01 00:00:00,2014-01-01 00:00:00
107,SAMAN GHODDOS,1993-09-06 00:00:00,2017-01-01 00:00:00
108,MEHDI TAREMI,1992-07-18 00:00:00,2015-01-01 00:00:00
109,MATT TURNER,1994-06-24 00:00:00,2021-01-01 00:00:00
110,ZACK STEFFEN,1995-04-02 00:00:00,2018-01-01 00:00:00
111,SERGINO DEST,2000-11-02 00:00:00,2019-01-01 00:00:00
112,AARON LONG,1992-10-12 00:00:00,2018-01-01 00:00:00
113,CHRIS RICHARDS,2000-03-28 00:00:00,2020-01-01 00:00:00
114,ANTONEE ROBINSON,1997-08-08 00:00:00,2018-01-01 00:00:00
115,DEANDRE YEDLIN,1993-07-09 00:00:00,2014-01-01 00:00:00
116,WALKER ZIMMERMAN,1993-05-19 00:00:00,2017-01-01 00:00:00
117,BRENDEN AARONSON,2000-10-23 00:00:00,2020-01-01 00:00:00
118,KELLYN ACOSTA,1995-07-24 00:00:00,2016-01-01 00:00:00
119,TAYLER ADAMS,1992-02-14 00:00:00,2017-01-01 00:00:00
120,WESTON MCKENNIE,1998-08-28 00:00:00,2017-01-01 00:00:00
121,YUNUS MUSAH,2002-11-29 00:00:00,2020-01-01 00:00:00
122,JESUS FERREIRA,2000-12-24 00:00:00,2020-01-01 00:00:00
123,RICARDO PEPI,2003-01-09 00:00:00,2021-01-01 00:00:00
124,CHRISTIAN PULISIC,1998-09-18 00:00:00,2016-01-01 00:00:00
125,GIOVANNI REYNA,2002-11-13 00:00:00,2020-01-01 00:00:00
126,TIMOTHY WEAH,2000-02-22 00:00:00,2018-01-01 00:00:00
127,DANNY WARD,1993-06-22 00:00:00,2016-01-01 00:00:00
128,WAYNE HENNESSEY,1987-01-24 00:00:00,2007-01-01 00:00:00
129,ETHAN AMPADU,2000-09-14 00:00:00,2017-01-01 00:00:00
130,BEN DAVIES,1993-04-24 00:00:00,2012-01-01 00:00:00
131,CHRIS GUNTER ,1989-07-21 00:00:00,2007-01-01 00:00:00
132,CHRIS MEPHAM,1997-11-05 00:00:00,2018-01-01 00:00:00
133,CONNOR ROBERTS,1995-09-23 00:00:00,2018-01-01 00:00:00
134,JOE RODON,1997-10-22 00:00:00,2019-01-01 00:00:00
135,NECO WILLIAMS,2001-04-13 00:00:00,2020-01-01 00:00:00
136,JOE ALLEN,1990-03-14 00:00:00,2009-01-01 00:00:00
137,JOE MORREL,1997-01-03 00:00:00,2019-01-01 00:00:00
138,AARON RAMSEY,1990-12-26 00:00:00,2008-01-01 00:00:00
139,JONATHAN WILLIAMS ,1993-10-09 00:00:00,2013-01-01 00:00:00
140,HARRY WILSON,1997-03-23 00:00:00,2020-01-01 00:00:00
141,GARETH BALE,1989-07-16 00:00:00,2006-01-01 00:00:00
142,DANIEL JAMES,1997-11-10 00:00:00,2018-01-01 00:00:00
143,BRENNAN JOHNSON,2001-05-23 00:00:00,2020-01-01 00:00:00
144,KIEFFER MOORE,1992-08-08 00:00:00,2019-01-01 00:00:00
145,EMILIANO MARTINEZ,1992-09-02 00:00:00,2021-01-01 00:00:00
146,FRANCO ARMANI,1986-10-16 00:00:00,2018-01-01 00:00:00
147,MARCOS ACUNA,1991-10-28 00:00:00,2016-01-01 00:00:00
148,NAHUEL MOLINA,1998-04-06 00:00:00,2021-01-01 00:00:00
149,NICOLAS OTAMENDI,1988-02-12 00:00:00,2009-01-01 00:00:00
150,GERMAN PEZZELLA,1991-06-27 00:00:00,2017-01-01 00:00:00
151,CRISTIAN ROMERO,1998-04-27 00:00:00,2021-01-01 00:00:00
152,RODRIGO DE PAUL,1994-05-24 00:00:00,2018-01-01 00:00:00
153,ANGEL DI MARIA,1988-02-14 00:00:00,2008-01-01 00:00:00
154,GIOVANI LO CELSO,1996-04-09 00:00:00,2017-01-01 00:00:00
155,LEANDRO PAREDES,1994-06-29 00:00:00,2017-01-01 00:00:00
156,GUIDO RODRIGUEZ,1994-04-12 00:00:00,2017-01-01 00:00:00
157,JULIAN ALVAREZ,2000-01-31 00:00:00,2021-01-01 00:00:00
158,JOAQUIN CORREA,1994-08-13 00:00:00,2017-01-01 00:00:00
159,ALEJANDRO GOMEZ,1998-02-15 00:00:00,2017-01-01 00:00:00
160,NICOLAS GONZALEZ,1998-04-06 00:00:00,2019-01-01 00:00:00
161,LAUTARO MARTINEZ,1997-08-22 00:00:00,2018-01-01 00:00:00
162,LIONEL MESSI,1987-06-24 00:00:00,2005-01-01 00:00:00
163,MOHAMMED AL-OWAIS,1991-10-10 00:00:00,2015-01-01 00:00:00
164,MOHAMMED AL-RUBAIE,1997-08-14 00:00:00,2019-01-01 00:00:00
165,ABDULELAH AL-AMRI,1997-01-15 00:00:00,2021-01-01 00:00:00
166,ALIAL-BOLEAHI,1989-11-21 00:00:00,2018-01-01 00:00:00
167,MOHAMMED AL-BURAYK,1992-09-15 00:00:00,2017-01-01 00:00:00
168,SULTAN AL-GHANNAM,1994-05-06 00:00:00,2019-01-01 00:00:00
169,YASSER AL-SHAHRANI,1992-05-25 00:00:00,2012-01-01 00:00:00
170,HASSAN AL-TAMBAKTI,1992-02-09 00:00:00,2019-01-01 00:00:00
171,ABULLAH MADU,1993-07-15 00:00:00,2019-01-01 00:00:00
172,SALAM AL-FARAJ,1989-08-01 00:00:00,2012-01-01 00:00:00
173,ABDULELAH AL-MALKI,1994-10-11 00:00:00,2019-01-01 00:00:00
174,SAMI AL-NAJEI,1997-02-07 00:00:00,2017-01-01 00:00:00
175,HATTAN BAHEBRI,1992-07-16 00:00:00,2017-01-01 00:00:00
176,MOHAMMED KANNO,1994-09-22 00:00:00,2017-01-01 00:00:00
177,ABDULLAH OTAYF,1992-08-03 00:00:00,2012-01-01 00:00:00
178,FIRAS AL-BURAIKAN,2000-05-14 00:00:00,2019-01-01 00:00:00
179,SALEM AL-DAWSARI,1991-08-19 00:00:00,2012-01-01 00:00:00
180,KHALID AL-GHANNAM,2000-11-08 00:00:00,2022-01-01 00:00:00
181,GUILLERMO OCHOA,1985-07-13 00:00:00,2005-01-01 00:00:00
182,ALFREDO TALVERA,1982-09-18 00:00:00,2011-01-01 00:00:00
183,NESTOR ARAUJO,1991-09-29 00:00:00,2011-01-01 00:00:00
184,JESUS GALLARDO,1994-08-15 00:00:00,2016-01-01 00:00:00
185,CESAR MONTES,1997-02-24 00:00:00,2017-01-01 00:00:00
186,HECTOR MORENO,1988-01-17 00:00:00,2007-01-01 00:00:00
187,LUIS ROMO,1995-06-05 00:00:00,2019-01-01 00:00:00
188,JORGE SANCHEZ,1997-12-10 00:00:00,2019-01-01 00:00:00
189,EDSON ALVAREZ,1997-10-24 00:00:00,2017-01-01 00:00:00
190,JESUS MANUEL CORONA,1993-01-06 00:00:00,2014-01-01 00:00:00
191,ANDRES GUARDADO,1986-09-28 00:00:00,2005-01-01 00:00:00
192,ERICK GUTIERREZ,1995-06-15 00:00:00,2016-01-01 00:00:00
193,HECTOR HERRERA,1990-04-19 00:00:00,2012-01-01 00:00:00
194,DIEGO LAINEZ,2000-06-09 00:00:00,2018-01-01 00:00:00
195,CARLOS RODRIGUEZ,1997-01-03 00:00:00,2019-01-01 00:00:00
196,ROGELIO FUNES MORI,1991-03-05 00:00:00,2021-01-01 00:00:00
197,RAUL JIMENEZ,1991-05-05 00:00:00,2013-01-01 00:00:00
198,HIRVING LOZANO,1995-07-30 00:00:00,2016-01-01 00:00:00
199,WOJCIECH SZCZESNY,1990-04-18 00:00:00,2009-01-01 00:00:00
200,JAN BEDNAREK,1996-04-12 00:00:00,2017-01-01 00:00:00
201,LUKASZ SKORUPSKI,1991-05-05 00:00:00,2012-01-01 00:00:00
202,BARTOSZ BERESZYNSKI,1992-07-12 00:00:00,2013-01-01 00:00:00
203,MATTY CASH,1997-08-07 00:00:00,2021-01-01 00:00:00
204,KAMIL GLIK,1988-02-03 00:00:00,2010-01-01 00:00:00
205,TYMOTEUSZ PUCHACZ,1999-01-23 00:00:00,2021-01-01 00:00:00
206,MACIEJ RYBUS,1989-08-19 00:00:00,2009-01-01 00:00:00
207,KAMIL JOZWIAK,1998-04-22 00:00:00,2019-01-01 00:00:00
208,MATEUSZ KLICH,1990-06-13 00:00:00,2011-01-01 00:00:00
209,GRZEGORZ KRYCHOWIAK,1990-01-29 00:00:00,2008-01-01 00:00:00
210,JAKUB MODER,1999-04-07 00:00:00,2020-01-01 00:00:00
211,SEBASTIAN SZYMANSKI,1999-05-10 00:00:00,2019-01-01 00:00:00
212,PIOTR ZIELINSKI,1994-05-20 00:00:00,2013-01-01 00:00:00
213,ROBERT LEWANDOWSKI,1988-08-21 00:00:00,2008-01-01 00:00:00
214,ARKADIUSZ MILIK ,1994-02-28 00:00:00,2012-01-01 00:00:00
215,KRZYSZTOF PIATEK,1995-07-01 00:00:00,2018-01-01 00:00:00
216,KAROL SWIDERSKI,1997-01-23 00:00:00,2021-01-01 00:00:00
217,HUGO LLORIS,1986-12-26 00:00:00,2008-01-01 00:00:00
218,MIKE MAIGNAN,1995-07-03 00:00:00,2020-01-01 00:00:00
219,LUCAS HERNANDEZ,1996-02-14 00:00:00,2018-01-01 00:00:00
220,THEO HERNANDEZ,1997-10-06 00:00:00,2021-01-01 00:00:00
221,PRESNEL KIMPEMBE,1995-08-13 00:00:00,2018-01-01 00:00:00
222,JULES KOUNDE,1998-11-12 00:00:00,2021-01-01 00:00:00
223,BENJAMIN PAVARD,1996-03-28 00:00:00,2017-01-01 00:00:00
224,RAPHAEL VARANE,1993-04-25 00:00:00,2013-01-01 00:00:00
225,NGOLO KANTE,1991-03-29 00:00:00,2016-01-01 00:00:00
226,PAUL POGBA,1993-03-15 00:00:00,2013-01-01 00:00:00
227,ADRIEN RABIOT,1995-04-03 00:00:00,2016-01-01 00:00:00
228,AURELIEN TCHOUAMENI,2000-01-20 00:00:00,2021-01-01 00:00:00
229,WISSAM BEN YEDDER,1990-08-12 00:00:00,2018-01-01 00:00:00
230,KARIM BENZEMA,1987-12-19 00:00:00,2007-01-01 00:00:00
231,KINGSLEY COMAN,1996-06-13 00:00:00,2015-01-01 00:00:00
232,ANTOINE GRIEZMANN,1991-03-21 00:00:00,2014-01-01 00:00:00
233,KYLIAN MBAPPE,1998-12-20 00:00:00,2017-01-01 00:00:00
234,CHRISTOPHER NKUNKU,1997-11-14 00:00:00,2022-01-01 00:00:00
235,MATHEW RYAN,1992-04-08 00:00:00,2012-01-01 00:00:00
236,ANDREW REDMAYNE,1989-01-13 00:00:00,2019-01-01 00:00:00
237,AZIZ BEHICH,1990-12-16 00:00:00,2012-01-01 00:00:00
238,MILOS DEGNEK,1994-04-28 00:00:00,2016-01-01 00:00:00
239,RHYAN GRANT,1992-02-26 00:00:00,2018-01-01 00:00:00
240,JOEL KING,2000-10-30 00:00:00,2022-01-01 00:00:00
241,TRENT SAINSBURY,1991-01-05 00:00:00,2014-01-01 00:00:00
242,HARRY SOUTTAR,1998-10-22 00:00:00,2019-01-01 00:00:00
243,AJDIN HRUSTIC,1996-07-05 00:00:00,2017-01-01 00:00:00
244,JACKSON IRVINE,1993-03-07 00:00:00,2013-01-01 00:00:00
245,JAMES JEGGO,1992-02-12 00:00:00,2018-01-01 00:00:00
246,AWER MABIL,1995-09-15 00:00:00,2018-01-01 00:00:00
247,AARON MOOY,1990-09-15 00:00:00,2012-01-01 00:00:00
248,MARTIN BOYLE,1993-04-25 00:00:00,2018-01-01 00:00:00
249,MITCHELL DUKE,1991-01-18 00:00:00,2013-01-01 00:00:00
250,CRAIG GOODWIN,1991-12-16 00:00:00,2013-01-01 00:00:00
251,MATHEW LECKIE,1991-02-04 00:00:00,2012-01-01 00:00:00
252,ADAM TAGGART,1993-06-02 00:00:00,2012-01-01 00:00:00
253,KASPER SCHMEICHEL,1986-11-05 00:00:00,2013-01-01 00:00:00
254,FREDERIK RONNOW,1992-08-04 00:00:00,2016-01-01 00:00:00
255,ANNDREAS CHRISTENSEN,1996-04-10 00:00:00,2015-01-01 00:00:00
256,SUNIB KJAER,1989-03-26 00:00:00,2009-01-01 00:00:00
257,JOAKIM MAEHLE,1997-05-20 00:00:00,2020-01-01 00:00:00
258,JEN STRYGER LARSEN,1992-08-03 00:00:00,2016-01-01 00:00:00
259,JANNIK VESTERGAARD,1992-08-03 00:00:00,2013-01-01 00:00:00
260,MIKKEL DAMSGAARD,2000-07-03 00:00:00,2020-01-01 00:00:00
261,THOMAS DELANEY,1991-09-03 00:00:00,2013-01-01 00:00:00
262,CHRISTIAN ERIKSEN,1992-02-14 00:00:00,2010-01-01 00:00:00
263,PIERRE EMILE HOJBJERG,1995-08-05 00:00:00,2014-01-01 00:00:00
264,CHRISTIAN NORGAARD,1994-03-10 00:00:00,2020-01-01 00:00:00
265,DANIEL WASS,1989-05-31 00:00:00,2011-01-01 00:00:00
266,MARTIN BRAITHWAITE,1991-06-05 00:00:00,2013-01-01 00:00:00
267,KASPER DOLBERG,1997-10-06 00:00:00,2016-01-01 00:00:00
268,YUSSF POULSEN,1994-06-15 00:00:00,2014-01-01 00:00:00
269,ANDREAS SKOV OLSEN,1999-12-29 00:00:00,2020-01-01 00:00:00
270,JONAS WIND,1999-02-07 00:00:00,2020-01-01 00:00:00
271,BECHIR BEN SAID,1994-11-29 00:00:00,2022-01-01 00:00:00
272,FAROUK BEN MUSTAPHA,1989-07-01 00:00:00,2012-01-01 00:00:00
273,DYLAN BROWN,1995-06-19 00:00:00,2017-01-01 00:00:00
274,MOHAMMED DRAGER,1996-06-25 00:00:00,2018-01-01 00:00:00
275,BILEL IFA,1990-03-09 00:00:00,2008-01-01 00:00:00
276,ALI MAALOUL,1990-01-01 00:00:00,2013-01-01 00:00:00
277,HAMZA MATHLOUTHI,1992-07-25 00:00:00,2014-01-01 00:00:00
278,YASSINE MERIAH,1993-07-02 00:00:00,2015-01-01 00:00:00
279,MONTASSAR TALBI,1998-05-26 00:00:00,2021-01-01 00:00:00
280,MOHAMED ALI BEIN ROMDHANE,1999-09-06 00:00:00,2019-01-01 00:00:00
281,WHABI KHAZRI,1991-02-08 00:00:00,2013-01-01 00:00:00
282,AISSA LAIDOUNI,1996-12-13 00:00:00,2021-01-01 00:00:00
283,FERJANI SASSI,1992-03-18 00:00:00,2013-01-01 00:00:00
284,ELLYES SKHIRI,1995-05-10 00:00:00,2018-01-01 00:00:00
285,ANIS SLIMANE,2001-03-16 00:00:00,2020-01-01 00:00:00
286,SEIFEDDINE JAZIRI,1992-02-12 00:00:00,2016-01-01 00:00:00
287,YOUSEF MSAKNI,1990-10-28 00:00:00,2010-01-01 00:00:00
288,NAIM SLITI,1992-07-27 00:00:00,2016-01-01 00:00:00
289,UNAI SIMON,1997-06-11 00:00:00,2020-01-01 00:00:00
290,ROBERT SANCHEZ,1997-11-16 00:00:00,2021-01-01 00:00:00
291,CESAR AZPILICUETA,1989-08-28 00:00:00,2013-01-01 00:00:00
292,ERIK GARCIA,2001-01-09 00:00:00,2020-01-01 00:00:00
293,JORDI ALBA,1989-03-21 00:00:00,2011-01-01 00:00:00
294,AYMERIC LAPORTE,1994-05-27 00:00:00,2021-01-01 00:00:00
295,PAU TORRES,1997-01-16 00:00:00,2019-01-01 00:00:00
296,GAVI,2004-08-05 00:00:00,2021-01-01 00:00:00
297,KOKE,1992-01-08 00:00:00,2013-01-01 00:00:00
298,MARCOS LLORENTE,1995-01-30 00:00:00,2020-01-01 00:00:00
299,PEDRI,2002-11-25 00:00:00,2021-01-01 00:00:00
300,RODRI,1996-06-22 00:00:00,2018-01-01 00:00:00
301,SERGIO BUSQUETS,1988-07-16 00:00:00,2009-01-01 00:00:00
302,DANI OLMO,1998-05-07 00:00:00,2019-01-01 00:00:00
303,ANSU FATI,2002-10-31 00:00:00,2020-01-01 00:00:00
304,FERRAN TORRES,2000-02-29 00:00:00,2020-01-01 00:00:00
305,ALVARO MORATA,1992-10-23 00:00:00,2014-01-01 00:00:00
306,PABLO SARABIA,1992-05-07 00:00:00,2019-01-01 00:00:00
307,KEYLOR NAVAS,1986-12-15 00:00:00,2009-01-01 00:00:00
308,LEONEL MOREIRA,1990-04-02 00:00:00,2011-01-01 00:00:00
309,RICARDO BLANCO,1989-05-12 00:00:00,2010-01-01 00:00:00
310,FRANCISCO CALVO,1992-07-08 00:00:00,2011-01-01 00:00:00
311,OSCAR DUARTE,1989-06-03 00:00:00,2010-01-01 00:00:00
312,KEYSHER FULLER,1994-07-12 00:00:00,2019-01-01 00:00:00
313,BRAYAN OVIEDO,1990-02-18 00:00:00,2010-01-01 00:00:00
314,JUAN PABLO VARGAS,1995-06-06 00:00:00,2017-01-01 00:00:00
315,KENDALL WATSON,1988-01-01 00:00:00,2013-01-01 00:00:00
316,CELSO BORGES,1988-05-27 00:00:00,2008-01-01 00:00:00
317,ORLANDO GALO,2000-08-11 00:00:00,2021-01-01 00:00:00
318,BRYAN RUIZ,1985-05-18 00:00:00,2005-01-01 00:00:00
319,YELTSIN TEJEDA,1992-03-17 00:00:00,2011-01-01 00:00:00
320,JEWISON BENNETE,2004-06-15 00:00:00,2021-01-01 00:00:00
321,JOEL CAMPBELL,1992-06-26 00:00:00,2011-01-01 00:00:00
322,ANTHONY CONTRERAS,2000-01-29 00:00:00,2021-01-01 00:00:00
323,GERSON TORRES,1997-08-28 00:00:00,2017-01-01 00:00:00
324,JOHAN VENEGAS,1988-11-27 00:00:00,2014-01-01 00:00:00
325,MANUEL NEUER,1986-03-27 00:00:00,2009-01-01 00:00:00
326,MARC-ANDRE TER STEGEN,1992-04-30 00:00:00,2012-01-01 00:00:00
327,MATTHIAS GINTER,1994-01-19 00:00:00,2014-01-01 00:00:00
328,ROBIN GOSENS,1994-07-05 00:00:00,2020-01-01 00:00:00
329,THILO KEHRER,1996-09-21 00:00:00,2018-01-01 00:00:00
330,DAVID RAUM,1998-04-22 00:00:00,2021-01-01 00:00:00
331,ANTONIO RUDIGER,1993-03-03 00:00:00,2014-01-01 00:00:00
332,NIKLAS SULE,1995-09-03 00:00:00,2016-01-01 00:00:00
333,LEON GORETZKA,1995-02-06 00:00:00,2014-01-01 00:00:00
334,ILKAY GUNDOGAN,1990-10-24 00:00:00,2011-01-01 00:00:00
335,KAI HAVERTZ,1999-06-11 00:00:00,2018-01-01 00:00:00
336,JONAS HOFMANN,1992-07-14 00:00:00,2020-01-01 00:00:00
337,JOSHUA KIMMICH,1995-02-08 00:00:00,2016-01-01 00:00:00
338,SERGE GNABRY,1995-07-14 00:00:00,2016-01-01 00:00:00
339,THOMAS MULLER,1989-09-13 00:00:00,2010-01-01 00:00:00
340,MARCO REUS,1989-05-31 00:00:00,2011-01-01 00:00:00
341,LEROY SANE,1996-01-11 00:00:00,2015-01-01 00:00:00
342,TIMO WERNER,1996-03-06 00:00:00,2017-01-01 00:00:00
343,SHUICHI GONDA,1989-03-03 00:00:00,2010-01-01 00:00:00
344,EIJI KAWASHIMA,1983-03-20 00:00:00,2008-01-01 00:00:00
345,YUTO NAGATOMO,1986-09-12 00:00:00,2008-01-01 00:00:00
346,YUTA NAKAYAMA,1997-02-16 00:00:00,2019-01-01 00:00:00
347,TAKEHIRO TOMIYASU,1998-11-05 00:00:00,2018-01-01 00:00:00
348,MIKI YAMANE,1993-12-22 00:00:00,2021-01-01 00:00:00
349,MAYA YOSHIDA,1988-08-24 00:00:00,2010-01-01 00:00:00
350,WATARU ENDO,1993-02-09 00:00:00,2015-01-01 00:00:00
351,GENKI HARAGUCHI,1991-05-09 00:00:00,2011-01-01 00:00:00
352,HIDEMASA MORITA,1995-05-10 00:00:00,2018-01-01 00:00:00
353,GAKU SHIBASAKI,1992-05-28 00:00:00,2014-01-01 00:00:00
354,AO TANAKA,1998-09-10 00:00:00,2019-01-01 00:00:00
355,TAKUMA ASANO,1994-11-10 00:00:00,2015-01-01 00:00:00
356,KYOGO FURUHASHI,1995-01-20 00:00:00,2019-01-01 00:00:00
357,JUNYA ITO,1993-03-09 00:00:00,2017-01-01 00:00:00
358,TAKUMI MINAMINO,1995-01-16 00:00:00,2015-01-01 00:00:00
359,KAORU MITOMA,1997-05-20 00:00:00,2021-01-01 00:00:00
360,YUYA OSAKO,1990-05-18 00:00:00,2013-01-01 00:00:00
361,THIBAUT COURTOIS,1992-05-11 00:00:00,2011-01-01 00:00:00
362,SIMON MIGNOLET,1988-03-06 00:00:00,2011-01-01 00:00:00
363,TOBY ALDERWEIIRELD,1989-03-02 00:00:00,2009-01-01 00:00:00
364,TIMOTHY CASTAGNE,1995-12-05 00:00:00,2018-01-01 00:00:00
365,JASON DENAYER,1995-06-28 00:00:00,2015-01-01 00:00:00
366,THOMAS MEUNIER,1991-09-12 00:00:00,2013-01-01 00:00:00
367,JAN VERTONGHEN,1987-04-24 00:00:00,2007-01-01 00:00:00
368,YANNICK CARRASCO,1993-09-04 00:00:00,2015-01-01 00:00:00
369,KEVIN DE BRUYNE,1991-06-28 00:00:00,2010-01-01 00:00:00
370,CHARLES DE KETELAERE,2001-03-10 00:00:00,2020-01-01 00:00:00
371,THORGAN HAZARD,1993-03-29 00:00:00,2013-01-01 00:00:00
372,YOURI TIELEMANS,1997-05-07 00:00:00,2016-01-01 00:00:00
373,HANS VANAKEN,1992-08-24 00:00:00,2018-01-01 00:00:00
374,AXEL WITSEL,1989-01-12 00:00:00,2008-01-01 00:00:00
375,JEREMY DOKU,2002-05-27 00:00:00,2020-01-01 00:00:00
376,EDEN HAZARD,1991-01-07 00:00:00,2008-01-01 00:00:00
377,ROMELU LUKAKU,1993-05-13 00:00:00,2010-01-01 00:00:00
378,DRIES MERTENS,1987-05-06 00:00:00,2011-01-01 00:00:00
379,MILAN BORJAN,1987-10-23 00:00:00,2011-01-01 00:00:00
380,MAXIME CREPEAU,1994-05-11 00:00:00,2016-01-01 00:00:00
381,SAMUEL ADEKUGBE,1995-01-16 00:00:00,2015-01-01 00:00:00
382,DONEIL HENRY,1993-04-20 00:00:00,2012-01-01 00:00:00
383,ALISTAIR JOHNSTON,1998-10-08 00:00:00,2021-01-01 00:00:00
384,RICHIE LARYEA,1995-01-07 00:00:00,2019-01-01 00:00:00
385,KAMAL MILLER,1997-05-16 00:00:00,2019-01-01 00:00:00
386,STEVEN VITORIA,1987-01-11 00:00:00,2016-01-01 00:00:00
387,TAJON BUCHANAN,1999-02-08 00:00:00,2021-01-01 00:00:00
388,ALPHONSO DAVIES,2000-11-02 00:00:00,2017-01-01 00:00:00
389,STEPHEN EUSTAQUIO,1996-12-21 00:00:00,2019-01-01 00:00:00
390,ATIBA HUTCHINSON,1983-02-08 00:00:00,2003-01-01 00:00:00
391,MARK-ANTHONY KAYE,1994-12-02 00:00:00,2017-01-01 00:00:00
392,JONATHAN OSORIO,1992-06-12 00:00:00,2013-01-01 00:00:00
393,SAMUEL PIETTE,1994-11-12 00:00:00,2012-01-01 00:00:00
394,JONATHAN DAVID,2000-01-14 00:00:00,2018-01-01 00:00:00
395,DAVID JUNIOR HOILETT,1990-06-05 00:00:00,2015-01-01 00:00:00
396,CYLE LARIN,1995-04-17 00:00:00,2014-01-01 00:00:00
397,YASSINE BOUNOU,1991-04-05 00:00:00,2013-01-01 00:00:00
398,MUNIR MOHAMEDI,1989-05-10 00:00:00,2015-01-01 00:00:00
399,NYEF AGUERD,1996-03-30 00:00:00,2016-01-01 00:00:00
400,ACHRAF HAKIMI,1998-11-04 00:00:00,2016-01-01 00:00:00
401,ADAM MASINA,1994-01-02 00:00:00,2021-01-01 00:00:00
402,SAMY MMAEE,1996-09-08 00:00:00,2020-01-01 00:00:00
403,ROMAIN SAISS,1990-03-26 00:00:00,2012-01-01 00:00:00
404,SELIM AMALLAH,1996-11-15 00:00:00,2019-01-01 00:00:00
405,SOFYAN AMRABAT,1996-08-21 00:00:00,2017-01-01 00:00:00
406,AYMEN BARKOK,1998-05-21 00:00:00,2020-01-01 00:00:00
407,ILIAS CHAIR,1997-10-30 00:00:00,2021-01-01 00:00:00
408,IMRAN LOUZA,1999-05-01 00:00:00,2021-01-01 00:00:00
409,SOFIANE BOUFAL,1993-09-17 00:00:00,2016-01-01 00:00:00
410,AYOUB ELKAABI,1993-06-25 00:00:00,2018-01-01 00:00:00
411,YOUSSEF EN-NESYRI,1997-06-01 00:00:00,2016-01-01 00:00:00
412,RYAN MMAEE,1997-11-01 00:00:00,2016-01-01 00:00:00
413,MUNIR,1995-09-01 00:00:00,2021-01-01 00:00:00
414,TARIK TISSOUDALI,1993-04-02 00:00:00,2022-01-01 00:00:00
415,DOMINIK LIVAKOVIC,1995-01-09 00:00:00,2017-01-01 00:00:00
416,IVICA IVUSIC,1995-02-01 00:00:00,2021-01-01 00:00:00
417,DUJE CALETA-CAR,1996-09-17 00:00:00,2018-01-01 00:00:00
418,JOSKO GVARDIOL,2002-01-23 00:00:00,2021-01-01 00:00:00
419,JOSIP JURANOVIC,1995-08-16 00:00:00,2017-01-01 00:00:00
420,DEJAN LOVREN,1989-07-05 00:00:00,2009-01-01 00:00:00
421,BORNA SOSA,1998-01-21 00:00:00,2021-01-01 00:00:00
422,DOMAGOJ VIDA,1989-04-29 00:00:00,2010-01-01 00:00:00
423,MARCELO BROZOVIC,1992-11-16 00:00:00,2014-01-01 00:00:00
424,MATEO KOVACIC,1994-05-06 00:00:00,2013-01-01 00:00:00
425,LUKA MODRIC,1985-09-09 00:00:00,2006-01-01 00:00:00
426,MARIO PASALIC,1995-02-09 00:00:00,2014-01-01 00:00:00
427,IVAN PERISIC,1989-02-02 00:00:00,2011-01-01 00:00:00
428,NIKOLA VLASIC,1997-10-04 00:00:00,2017-01-01 00:00:00
429,JOSIP BREKALO,1998-06-23 00:00:00,2018-01-01 00:00:00
430,ANDREJ KRAMARIC,1991-06-19 00:00:00,2014-01-01 00:00:00
431,MARKO LIVAJA,1993-08-26 00:00:00,2018-01-01 00:00:00
432,MISLAV ORSIC,1992-12-29 00:00:00,2019-01-01 00:00:00
433,ALISSON,1992-10-02 00:00:00,2015-01-01 00:00:00
434,EDERSON,1993-08-17 00:00:00,2017-01-01 00:00:00
435,ALEX SANDRO,1991-01-26 00:00:00,2011-01-01 00:00:00
436,DANILO,1991-07-15 00:00:00,2011-01-01 00:00:00
437,EDER MILITAO,1998-01-18 00:00:00,2018-01-01 00:00:00
438,MARQUINHOS,1994-05-14 00:00:00,2013-01-01 00:00:00
439,THIAGO SILVA,1984-09-22 00:00:00,2008-01-01 00:00:00
440,CASEMIRO,1992-02-23 00:00:00,2011-01-01 00:00:00
441,PHILIPPE COUTINHO,1992-06-12 00:00:00,2010-01-01 00:00:00
442,FABINHO,1993-10-23 00:00:00,2015-01-01 00:00:00
443,FRED,1993-03-05 00:00:00,2014-01-01 00:00:00
444,LUCAS PAQUETA,1997-08-27 00:00:00,2018-01-01 00:00:00
445,ANTONY,2000-02-24 00:00:00,2021-01-01 00:00:00
446,GABRIEL JESUS,1997-04-03 00:00:00,2016-01-01 00:00:00
447,NEYMAR JR,1992-02-05 00:00:00,2010-01-01 00:00:00
448,RAPHINHA,1996-12-14 00:00:00,2021-01-01 00:00:00
449,RICHARLISON,1997-05-10 00:00:00,2018-01-01 00:00:00
450,VINICIUS JR,2000-07-12 00:00:00,2019-01-01 00:00:00
451,PEDRAG RAJKOVIC,1995-10-31 00:00:00,2013-01-01 00:00:00
452,VANJA MILINKOVIC-SAVIC,1997-02-20 00:00:00,2021-01-01 00:00:00
453,NIKOLA MILENKOVIC,1997-10-12 00:00:00,2018-01-01 00:00:00
454,STRAHINJA PAVLOVIC,2001-05-24 00:00:00,2020-01-01 00:00:00
455,MILOS VELJKOVIC,1995-09-26 00:00:00,2017-01-01 00:00:00
456,FILIP DURICIC,1992-01-30 00:00:00,2012-01-01 00:00:00
457,NEMANJA GUDELJ,1991-11-16 00:00:00,2014-01-01 00:00:00
458,FILIP KOSTIC,1992-11-01 00:00:00,2015-01-01 00:00:00
459,DRAKO LAZOVIC,1990-09-15 00:00:00,2008-01-01 00:00:00
460,SASA LUKIC,1996-08-13 00:00:00,2018-01-01 00:00:00
461,NEMANJA MAKSIMOVIC,1995-01-26 00:00:00,2016-01-01 00:00:00
462,SERGEJ MILINKOVIC-SAVIC,1995-02-27 00:00:00,2017-01-01 00:00:00
463,NEMANJA RADONJIC,1996-02-15 00:00:00,2017-01-01 00:00:00
464,ANDRIJA ZIVKOVIC,1996-07-11 00:00:00,2013-01-01 00:00:00
465,LUKA JOVIC,1997-12-23 00:00:00,2018-01-01 00:00:00
466,ALEKSANDAR MITROVIC,1994-09-16 00:00:00,2013-01-01 00:00:00
467,DUSAN TADIC,1988-11-20 00:00:00,2008-01-01 00:00:00
468,DUSAN VLAHOVIC,2000-01-28 00:00:00,2020-01-01 00:00:00
469,YANN SOMMER,1988-12-17 00:00:00,2012-01-01 00:00:00
470,GREGOR KOBEL,1997-12-06 00:00:00,2021-01-01 00:00:00
471,MANUEL AKANJI,1995-07-19 00:00:00,2017-01-01 00:00:00
472,NICO ELVEDI,1996-09-30 00:00:00,2016-01-01 00:00:00
473,KEVIN MBABU,1995-05-19 00:00:00,2018-01-01 00:00:00
474,RICARDO RODRIGUEZ,1992-08-25 00:00:00,2011-01-01 00:00:00
475,FABIAN SCHAR,1991-12-20 00:00:00,2013-01-01 00:00:00
476,SILVAN WIDMER,1993-03-05 00:00:00,2014-01-01 00:00:00
477,REMO FREULER,1992-04-15 00:00:00,2017-01-01 00:00:00
478,XHERDAN SHAQIRI,1991-10-10 00:00:00,2010-01-01 00:00:00
479,DJIBRIL SOW,1997-02-06 00:00:00,2018-01-01 00:00:00
480,GRANIT XHAKA,1992-02-27 00:00:00,2011-01-01 00:00:00
481,DENIS ZAKARIA,1996-11-20 00:00:00,2016-01-01 00:00:00
482,STEVEN ZUBER,1991-08-17 00:00:00,2017-01-01 00:00:00
483,BREEL EMBOLO,1997-02-14 00:00:00,2015-01-01 00:00:00
484,NOAH OKAFOR,2000-05-24 00:00:00,2019-01-01 00:00:00
485,HARIS SEFEROVIC,1992-02-22 00:00:00,2013-01-01 00:00:00
486,RUBEN VARGAS,1998-08-05 00:00:00,2019-01-01 00:00:00
487,ANDRE ONANA,1996-04-02 00:00:00,2016-01-01 00:00:00
488,DEVIS EPASSY,1993-02-02 00:00:00,2021-01-01 00:00:00
489,JEAN-CHARLES CASTELLETTO,1995-01-26 00:00:00,2017-01-01 00:00:00
490,COLINS FAI,1992-08-13 00:00:00,2015-01-01 00:00:00
491,OLIVER MBAIZO,1997-08-15 00:00:00,2016-01-01 00:00:00
492,HAROLD MOUKOUDI,1997-11-27 00:00:00,2019-01-01 00:00:00
493,MICHEL NGADEU,1990-11-23 00:00:00,2016-01-01 00:00:00
494,NOUHOU,1997-06-23 00:00:00,2017-01-01 00:00:00
495,MARTIN HONGLA,1998-03-16 00:00:00,2020-01-01 00:00:00
496,PIERRE KUNDE,1995-07-26 00:00:00,2018-01-01 00:00:00
497,JAMES LEA SILIKI,1996-06-12 00:00:00,2021-01-01 00:00:00
498,SAMUEL OUM GOUET,1997-12-14 00:00:00,2016-01-01 00:00:00
499,ANDRE-FRANK ZAMBO ANGUISSA,1995-11-16 00:00:00,2017-01-01 00:00:00
500,VINCENT ABOUBAKAR,1992-01-22 00:00:00,2010-01-01 00:00:00
501,STEPHANE BAHOKEN,1992-05-28 00:00:00,2018-01-01 00:00:00
502,ERIC MAXIM CHOUPO-MOTING,1989-03-23 00:00:00,2010-01-01 00:00:00
503,NICOLAS MOUMI NGAMALEU,1994-07-09 00:00:00,2016-01-01 00:00:00
504,KARL TOKO EKAMBI,1992-09-14 00:00:00,2015-01-01 00:00:00
505,DIEGO COSTA,1999-09-19 00:00:00,2021-01-01 00:00:00
506,RUI PATRICIO,1988-02-15 00:00:00,2010-01-01 00:00:00
507,JOAO CANCELO,1994-05-27 00:00:00,2016-01-01 00:00:00
508,JOSE FONTE,1983-11-22 00:00:00,2014-01-01 00:00:00
509,NUNO MENDES,2002-06-19 00:00:00,2021-01-01 00:00:00
510,PEPE,1983-02-26 00:00:00,2007-01-01 00:00:00
511,RAPHAEL GUERREIRO,1993-12-22 00:00:00,2014-01-01 00:00:00
512,RUBEN DIAS,1997-05-14 00:00:00,2018-01-01 00:00:00
513,BERNARDO SILVA,1994-08-10 00:00:00,2015-01-01 00:00:00
514,BRUNO FERNANDEZ,1994-09-08 00:00:00,2017-01-01 00:00:00
515,DANILO PEREIRA,1991-09-09 00:00:00,2015-01-01 00:00:00
516,JOAO MOUTINHO,1986-09-08 00:00:00,2005-01-01 00:00:00
517,RENATO SANCHES,1997-08-18 00:00:00,2016-01-01 00:00:00
518,RUBEN NEVES,1997-03-13 00:00:00,2015-01-01 00:00:00
519,ANDRE SILVA,1995-11-06 00:00:00,2016-01-01 00:00:00
520,CRISTIANO RONALDO,1985-02-05 00:00:00,2003-01-01 00:00:00
521,DIOGO JOTA,1996-12-04 00:00:00,2019-01-01 00:00:00
522,GONCALO GUEDES,1996-11-29 00:00:00,2015-01-01 00:00:00
523,JOE WOLLACOTT,1996-09-06 00:00:00,2021-01-01 00:00:00
524,RICHARD OFORI,1993-11-01 00:00:00,2015-01-01 00:00:00
525,DANIEL AMARTEY,1994-12-21 00:00:00,2015-01-01 00:00:00
526,ABDUL-RAHMAN BABA,1994-07-02 00:00:00,2014-01-01 00:00:00
527,ALEXANDER DJIKU,1994-08-09 00:00:00,2020-01-01 00:00:00
528,GIDEON MENSAH,1998-07-18 00:00:00,2019-01-01 00:00:00
529,JONATHAN MENSAH,1990-07-13 00:00:00,2009-01-01 00:00:00
530,ANDY YIADOM,1991-12-03 00:00:00,2017-01-01 00:00:00
531,IDDRISU BABA,1996-01-22 00:00:00,2019-01-01 00:00:00
532,MOHAMMED KUDUS,2000-08-02 00:00:00,2019-01-01 00:00:00
533,DANIEL-KOFI KYEREH,1996-03-06 00:00:00,2021-01-01 00:00:00
534,THOMAS PARTEY,1993-06-13 00:00:00,2016-01-01 00:00:00
535,MUBARAK WAKASO,1990-07-25 00:00:00,2012-01-01 00:00:00
536,FELIX AFENA-GYAN,2003-01-19 00:00:00,2022-01-01 00:00:00
537,ANDRE AYEW,1989-12-17 00:00:00,2007-01-01 00:00:00
538,JORDAN AYEW,1991-09-11 00:00:00,2010-01-01 00:00:00
539,ISSAHAKU ABDUL FATAWU,2004-03-08 00:00:00,2021-01-01 00:00:00
540,KAMALDEEN SULEMANA,2002-02-15 00:00:00,2020-01-01 00:00:00
541,FERNANDO MUSLERA,1986-06-16 00:00:00,2009-01-01 00:00:00
542,SERGIO ROCHET,1993-03-23 00:00:00,2022-01-01 00:00:00
543,RONALD ARAUJO,1999-03-07 00:00:00,2020-01-01 00:00:00
544,MARTIN CACERES,1987-04-07 00:00:00,2007-01-01 00:00:00
545,JOSE MARIA GIMENEZ,1995-01-20 00:00:00,2013-01-01 00:00:00
546,DIEGO GODIN,1986-02-16 00:00:00,2005-01-01 00:00:00
547,MATHIAS OLIVERA,1997-10-31 00:00:00,2022-01-01 00:00:00
548,MATIAS VINA,1997-11-09 00:00:00,2019-01-01 00:00:00
549,RODRIGO BETANCUR,1997-06-25 00:00:00,2017-01-01 00:00:00
550,GIORGIAN DE ARRASCAETA,1994-06-01 00:00:00,2014-01-01 00:00:00
551,NICOLAS DE LA CRUZ,1997-06-01 00:00:00,2020-01-01 00:00:00
552,LUCAS TORREIRA,1996-02-11 00:00:00,2018-01-01 00:00:00
553,FEDERICO VALVERDE,1998-07-22 00:00:00,2017-01-01 00:00:00
554,MATIAS VECINO,1991-08-24 00:00:00,2016-01-01 00:00:00
555,EDSON CAVANI,1987-02-14 00:00:00,2008-01-01 00:00:00
556,DARWIN NUNEZ,1999-06-24 00:00:00,2019-01-01 00:00:00
557,FACUNDO PELLISTRI,2001-12-20 00:00:00,2022-01-01 00:00:00
558,LUIS SUAREZ,1987-01-24 00:00:00,2007-01-01 00:00:00
559,SEUNG-GYU KIM,1990-09-30 00:00:00,2013-01-01 00:00:00
560,HYEON-WOO JO,1991-09-25 00:00:00,2017-01-01 00:00:00
561,CHUL HONG,1990-09-17 00:00:00,2011-01-01 00:00:00
562,TAE-HWAN KIM,1989-07-24 00:00:00,2014-01-01 00:00:00
563,MIN-JAE KIM,1996-11-15 00:00:00,2017-01-01 00:00:00
564,YOUNG-GWON KIM,1990-02-27 00:00:00,2010-01-01 00:00:00
565,JIN-SU KIM,1992-06-13 00:00:00,2013-01-01 00:00:00
566,YONG LEE,1986-12-24 00:00:00,2013-01-01 00:00:00
567,IN-BEOM HWANG,1996-09-20 00:00:00,2018-01-01 00:00:00
568,WOO-YOUNG JUNG,1989-12-14 00:00:00,2015-01-01 00:00:00
569,JAE-SUNG LEE,1997-03-17 00:00:00,2015-01-01 00:00:00
570,SEUNG-HO PAIK,1997-03-17 00:00:00,2019-01-01 00:00:00
571,GUE-SUNG CHO,1998-01-25 00:00:00,2021-01-01 00:00:00
572,HEE-CHAN HWANG,1996-01-26 00:00:00,2016-01-01 00:00:00
573,UI-JO HWANG,1992-08-28 00:00:00,2015-01-01 00:00:00
574,CHANG-HOON KWON,1994-06-30 00:00:00,2015-01-01 00:00:00
575,HEUNG-MIN SON,1992-07-08 00:00:00,2010-01-01 00:00:00
576,MIN-KYU SONG,1999-09-12 00:00:00,2021-01-01 00:00:00
